strike,bid,ask,lastPrice,mid,volume,impliedVolatility,spot,expiry,trade_date,T,r
740.0,6.47,6.52,6.37,6.494999999999999,143.0,0.18396812133789062,737.0499877929688,2026-06-22,2026-06-09,0.03561643835616438,0.045
745.0,4.31,4.35,4.39,4.33,101.0,0.17295138580322267,737.0499877929688,2026-06-22,2026-06-09,0.03561643835616438,0.045
750.0,2.63,2.67,2.64,2.65,219.0,0.1624229266357422,737.0499877929688,2026-06-22,2026-06-09,0.03561643835616438,0.045
755.0,1.53,1.55,1.6,1.54,114.0,0.15479360839843753,737.0499877929688,2026-06-22,2026-06-09,0.03561643835616438,0.045
760.0,0.79,0.81,0.95,0.8,554.0,0.14740842834472656,737.0499877929688,2026-06-22,2026-06-09,0.03561643835616438,0.045
765.0,0.38,0.39,0.4,0.385,97.0,0.141610146484375,737.0499877929688,2026-06-22,2026-06-09,0.03561643835616438,0.045
770.0,0.18,0.2,0.25,0.19,161.0,0.1401453173828125,737.0499877929688,2026-06-22,2026-06-09,0.03561643835616438,0.045
775.0,0.1,0.12,0.1,0.11,4.0,0.14331911376953127,737.0499877929688,2026-06-22,2026-06-09,0.03561643835616438,0.045
738.0,9.23,9.28,10.01,9.254999999999999,62.0,0.19336744140625,737.0499877929688,2026-06-26,2026-06-09,0.04657534246575343,0.045
739.0,8.58,8.63,9.64,8.605,7.0,0.18933916137695314,737.0499877929688,2026-06-26,2026-06-09,0.04657534246575343,0.045
740.0,8.2,8.24,8.09,8.219999999999999,227.0,0.18930864410400394,737.0499877929688,2026-06-26,2026-06-09,0.04657534246575343,0.045
741.0,7.64,7.69,8.41,7.665,4.0,0.18640950317382812,737.0499877929688,2026-06-26,2026-06-09,0.04657534246575343,0.045
742.0,7.08,7.12,8.25,7.1,12.0,0.18290001678466794,737.0499877929688,2026-06-26,2026-06-09,0.04657534246575343,0.045
743.0,6.7,6.74,6.71,6.720000000000001,170.0,0.1823201885986328,737.0499877929688,2026-06-26,2026-06-09,0.04657534246575343,0.045
744.0,6.29,6.33,7.22,6.3100000000000005,36.0,0.18097742858886717,737.0499877929688,2026-06-26,2026-06-09,0.04657534246575343,0.045
745.0,5.88,5.91,5.93,5.895,192.0,0.1792379440307617,737.0499877929688,2026-06-26,2026-06-09,0.04657534246575343,0.045
746.0,5.35,5.39,5.42,5.369999999999999,20.0,0.17539276763916017,737.0499877929688,2026-06-26,2026-06-09,0.04657534246575343,0.045
747.0,4.96,5.0,5.43,4.98,11.0,0.17356173126220703,737.0499877929688,2026-06-26,2026-06-09,0.04657534246575343,0.045
748.0,4.62,4.66,5.11,4.640000000000001,4.0,0.17237155761718753,737.0499877929688,2026-06-26,2026-06-09,0.04657534246575343,0.045
749.0,4.23,4.26,4.77,4.245,8.0,0.16974707214355472,737.0499877929688,2026-06-26,2026-06-09,0.04657534246575343,0.045
750.0,3.93,3.97,3.91,3.95,474.0,0.1688925885009766,737.0499877929688,2026-06-26,2026-06-09,0.04657534246575343,0.045
751.0,3.63,3.66,4.23,3.645,18.0,0.16739724212646484,737.0499877929688,2026-06-26,2026-06-09,0.04657534246575343,0.045
752.0,3.31,3.35,3.5,3.33,32.0,0.16556620574951175,737.0499877929688,2026-06-26,2026-06-09,0.04657534246575343,0.045
753.0,3.01,3.04,3.04,3.025,112.0,0.16339947937011723,737.0499877929688,2026-06-26,2026-06-09,0.04657534246575343,0.045
754.0,2.75,2.77,2.85,2.76,90.0,0.16169051208496094,737.0499877929688,2026-06-26,2026-06-09,0.04657534246575343,0.045
755.0,2.49,2.52,2.47,2.505,769.0,0.16013413116455077,737.0499877929688,2026-06-26,2026-06-09,0.04657534246575343,0.045
756.0,2.26,2.29,2.33,2.275,90.0,0.15869981933593752,737.0499877929688,2026-06-26,2026-06-09,0.04657534246575343,0.045
757.0,2.08,2.12,2.3,2.1,10.0,0.15842516387939454,737.0499877929688,2026-06-26,2026-06-09,0.04657534246575343,0.045
758.0,1.89,1.91,2.26,1.9,112.0,0.15680774841308598,737.0499877929688,2026-06-26,2026-06-09,0.04657534246575343,0.045
759.0,1.67,1.7,1.82,1.685,30.0,0.15479360839843753,737.0499877929688,2026-06-26,2026-06-09,0.04657534246575343,0.045
760.0,1.52,1.55,1.48,1.5350000000000001,216.0,0.15412222839355472,737.0499877929688,2026-06-26,2026-06-09,0.04657534246575343,0.045
761.0,1.35,1.37,1.48,1.36,6.0,0.15216912292480472,737.0499877929688,2026-06-26,2026-06-09,0.04657534246575343,0.045
762.0,1.19,1.22,1.28,1.205,40.0,0.15070429382324224,737.0499877929688,2026-06-26,2026-06-09,0.04657534246575343,0.045
763.0,1.05,1.08,1.35,1.065,67.0,0.1492394647216797,737.0499877929688,2026-06-26,2026-06-09,0.04657534246575343,0.045
764.0,0.93,0.96,0.98,0.9450000000000001,27.0,0.1480798083496094,737.0499877929688,2026-06-26,2026-06-09,0.04657534246575343,0.045
765.0,0.85,0.87,0.83,0.86,163.0,0.14771360107421877,737.0499877929688,2026-06-26,2026-06-09,0.04657534246575343,0.045
766.0,0.73,0.76,0.75,0.745,11.0,0.14612670288085935,737.0499877929688,2026-06-26,2026-06-09,0.04657534246575343,0.045
767.0,0.66,0.68,0.7,0.67,114.0,0.145516357421875,737.0499877929688,2026-06-26,2026-06-09,0.04657534246575343,0.045
768.0,0.59,0.61,0.73,0.6,23.0,0.14515015014648439,737.0499877929688,2026-06-26,2026-06-09,0.04657534246575343,0.045
769.0,0.52,0.54,0.52,0.53,6.0,0.14429566650390624,737.0499877929688,2026-06-26,2026-06-09,0.04657534246575343,0.045
770.0,0.45,0.47,0.55,0.45999999999999996,85.0,0.1431970446777344,737.0499877929688,2026-06-26,2026-06-09,0.04657534246575343,0.045
771.0,0.41,0.42,0.32,0.415,5.0,0.14283083740234376,737.0499877929688,2026-06-26,2026-06-09,0.04657534246575343,0.045
772.0,0.35,0.37,0.42,0.36,5.0,0.14222049194335937,737.0499877929688,2026-06-26,2026-06-09,0.04657534246575343,0.045
773.0,0.32,0.33,0.38,0.325,9.0,0.1419763537597656,737.0499877929688,2026-06-26,2026-06-09,0.04657534246575343,0.045
774.0,0.28,0.29,0.26,0.28500000000000003,3.0,0.14136600830078128,737.0499877929688,2026-06-26,2026-06-09,0.04657534246575343,0.045
775.0,0.25,0.26,0.3,0.255,13.0,0.14136600830078128,737.0499877929688,2026-06-26,2026-06-09,0.04657534246575343,0.045
776.0,0.22,0.23,0.27,0.225,5.0,0.14112187011718752,737.0499877929688,2026-06-26,2026-06-09,0.04657534246575343,0.045
777.0,0.19,0.21,0.21,0.2,59.0,0.141610146484375,737.0499877929688,2026-06-26,2026-06-09,0.04657534246575343,0.045
778.0,0.17,0.18,0.21,0.175,86.0,0.14063359375,737.0499877929688,2026-06-26,2026-06-09,0.04657534246575343,0.045
779.0,0.16,0.17,0.16,0.165,28.0,0.14185428466796873,737.0499877929688,2026-06-26,2026-06-09,0.04657534246575343,0.045
780.0,0.14,0.15,0.18,0.14500000000000002,44.0,0.141610146484375,737.0499877929688,2026-06-26,2026-06-09,0.04657534246575343,0.045
781.0,0.13,0.14,0.14,0.135,109.0,0.14258669921875,737.0499877929688,2026-06-26,2026-06-09,0.04657534246575343,0.045
782.0,0.11,0.12,0.11,0.11499999999999999,29.0,0.14185428466796873,737.0499877929688,2026-06-26,2026-06-09,0.04657534246575343,0.045
783.0,0.11,0.12,0.08,0.11499999999999999,1.0,0.14405152832031248,737.0499877929688,2026-06-26,2026-06-09,0.04657534246575343,0.045
784.0,0.1,0.11,0.11,0.10500000000000001,21.0,0.1445398046875,737.0499877929688,2026-06-26,2026-06-09,0.04657534246575343,0.045
738.0,10.07,10.11,10.37,10.09,79.0,0.18555501953124998,737.0499877929688,2026-06-30,2026-06-09,0.057534246575342465,0.045
739.0,9.5,9.54,10.77,9.52,63.0,0.18320518951416015,737.0499877929688,2026-06-30,2026-06-09,0.057534246575342465,0.045
740.0,9.07,9.11,9.12,9.09,297.0,0.1826863958740234,737.0499877929688,2026-06-30,2026-06-09,0.057534246575342465,0.045
741.0,8.48,8.53,8.7,8.504999999999999,44.0,0.17978725494384767,737.0499877929688,2026-06-30,2026-06-09,0.057534246575342465,0.045
742.0,7.99,8.03,8.19,8.01,55.0,0.17783414947509768,737.0499877929688,2026-06-30,2026-06-09,0.057534246575342465,0.045
743.0,7.49,7.53,7.49,7.51,76.0,0.17566742309570313,737.0499877929688,2026-06-30,2026-06-09,0.057534246575342465,0.045
744.0,7.22,7.26,7.8,7.24,2.0,0.1767965621948242,737.0499877929688,2026-06-30,2026-06-09,0.057534246575342465,0.045
745.0,6.62,6.66,6.7,6.640000000000001,333.0,0.17264621307373051,737.0499877929688,2026-06-30,2026-06-09,0.057534246575342465,0.045
746.0,6.26,6.3,7.11,6.279999999999999,16.0,0.1719748330688477,737.0499877929688,2026-06-30,2026-06-09,0.057534246575342465,0.045
747.0,5.88,5.92,6.13,5.9,108.0,0.17078465942382814,737.0499877929688,2026-06-30,2026-06-09,0.057534246575342465,0.045
748.0,5.49,5.53,5.66,5.51,10.0,0.16919776123046876,737.0499877929688,2026-06-30,2026-06-09,0.057534246575342465,0.045
749.0,5.07,5.11,5.58,5.09,94.0,0.16684793121337893,737.0499877929688,2026-06-30,2026-06-09,0.057534246575342465,0.045
750.0,4.64,4.67,4.64,4.654999999999999,848.0,0.1638877557373047,737.0499877929688,2026-06-30,2026-06-09,0.057534246575342465,0.045
751.0,4.38,4.41,4.32,4.395,15.0,0.1637351693725586,737.0499877929688,2026-06-30,2026-06-09,0.057534246575342465,0.045
752.0,3.96,4.0,4.62,3.98,31.0,0.16068344207763674,737.0499877929688,2026-06-30,2026-06-09,0.057534246575342465,0.045
753.0,3.71,3.75,4.0,3.73,44.0,0.16025620025634768,737.0499877929688,2026-06-30,2026-06-09,0.057534246575342465,0.045
754.0,3.39,3.42,3.77,3.4050000000000002,9.0,0.15808947387695313,737.0499877929688,2026-06-30,2026-06-09,0.057534246575342465,0.045
755.0,3.12,3.16,3.13,3.14,130.0,0.15692981750488283,737.0499877929688,2026-06-30,2026-06-09,0.057534246575342465,0.045
756.0,2.91,2.95,3.09,2.93,21.0,0.15656361022949222,737.0499877929688,2026-06-30,2026-06-09,0.057534246575342465,0.045
757.0,2.6,2.63,2.59,2.615,38.0,0.1536339520263672,737.0499877929688,2026-06-30,2026-06-09,0.057534246575342465,0.045
758.0,2.46,2.5,2.83,2.48,19.0,0.15448843566894532,737.0499877929688,2026-06-30,2026-06-09,0.057534246575342465,0.045
759.0,2.22,2.25,2.44,2.2350000000000003,56.0,0.15241326110839848,737.0499877929688,2026-06-30,2026-06-09,0.057534246575342465,0.045
760.0,1.98,2.01,2.17,1.9949999999999999,322.0,0.15021601745605473,737.0499877929688,2026-06-30,2026-06-09,0.057534246575342465,0.045
761.0,1.8,1.83,1.96,1.815,6.0,0.1491173956298828,737.0499877929688,2026-06-30,2026-06-09,0.057534246575342465,0.045
762.0,1.63,1.66,1.65,1.645,34.0,0.14795773925781253,737.0499877929688,2026-06-30,2026-06-09,0.057534246575342465,0.045
763.0,1.48,1.51,1.66,1.495,4.0,0.14710325561523438,737.0499877929688,2026-06-30,2026-06-09,0.057534246575342465,0.045
764.0,1.33,1.36,1.64,1.3450000000000002,30.0,0.1458825646972656,737.0499877929688,2026-06-30,2026-06-09,0.057534246575342465,0.045
765.0,1.2,1.22,1.4,1.21,138.0,0.14466187377929687,737.0499877929688,2026-06-30,2026-06-09,0.057534246575342465,0.045
766.0,1.1,1.12,1.29,1.11,5.0,0.14447877014160154,737.0499877929688,2026-06-30,2026-06-09,0.057534246575342465,0.045
767.0,0.98,1.0,1.08,0.99,18.0,0.14325807922363282,737.0499877929688,2026-06-30,2026-06-09,0.057534246575342465,0.045
768.0,0.88,0.91,0.91,0.895,34.0,0.14283083740234376,737.0499877929688,2026-06-30,2026-06-09,0.057534246575342465,0.045
769.0,0.78,0.8,0.78,0.79,39.0,0.14136600830078128,737.0499877929688,2026-06-30,2026-06-09,0.057534246575342465,0.045
770.0,0.71,0.73,0.84,0.72,1437.0,0.1412439392089844,737.0499877929688,2026-06-30,2026-06-09,0.057534246575342465,0.045
771.0,0.64,0.66,0.73,0.65,9.0,0.1408166973876953,737.0499877929688,2026-06-30,2026-06-09,0.057534246575342465,0.045
772.0,0.57,0.59,0.7,0.58,83.0,0.1401453173828125,737.0499877929688,2026-06-30,2026-06-09,0.057534246575342465,0.045
773.0,0.51,0.53,0.6,0.52,6.0,0.139657041015625,737.0499877929688,2026-06-30,2026-06-09,0.057534246575342465,0.045
774.0,0.45,0.47,0.49,0.45999999999999996,5.0,0.13892462646484377,737.0499877929688,2026-06-30,2026-06-09,0.057534246575342465,0.045
775.0,0.41,0.42,0.44,0.415,283.0,0.13843635009765626,737.0499877929688,2026-06-30,2026-06-09,0.057534246575342465,0.045
776.0,0.36,0.38,0.38,0.37,38.0,0.13831428100585938,737.0499877929688,2026-06-30,2026-06-09,0.057534246575342465,0.045
777.0,0.32,0.33,0.36,0.325,24.0,0.13721565917968753,737.0499877929688,2026-06-30,2026-06-09,0.057534246575342465,0.045
778.0,0.28,0.29,0.31,0.28500000000000003,4.0,0.13648324462890626,737.0499877929688,2026-06-30,2026-06-09,0.057534246575342465,0.045
779.0,0.25,0.26,0.24,0.255,42.0,0.1362391064453125,737.0499877929688,2026-06-30,2026-06-09,0.057534246575342465,0.045
780.0,0.23,0.24,0.26,0.235,50.0,0.13672738281250002,737.0499877929688,2026-06-30,2026-06-09,0.057534246575342465,0.045
781.0,0.21,0.22,0.22,0.215,3.0,0.13721565917968753,737.0499877929688,2026-06-30,2026-06-09,0.057534246575342465,0.045
782.0,0.18,0.2,0.11,0.19,95.0,0.1373377282714844,737.0499877929688,2026-06-30,2026-06-09,0.057534246575342465,0.045
783.0,0.16,0.18,0.15,0.16999999999999998,25.0,0.13721565917968753,737.0499877929688,2026-06-30,2026-06-09,0.057534246575342465,0.045
784.0,0.16,0.17,0.18,0.165,32.0,0.13831428100585938,737.0499877929688,2026-06-30,2026-06-09,0.057534246575342465,0.045
785.0,0.14,0.16,0.16,0.15000000000000002,9.0,0.13916876464843753,737.0499877929688,2026-06-30,2026-06-09,0.057534246575342465,0.045
786.0,0.13,0.14,0.14,0.135,8.0,0.13868048828125001,737.0499877929688,2026-06-30,2026-06-09,0.057534246575342465,0.045
787.0,0.11,0.13,0.14,0.12,3.0,0.13916876464843753,737.0499877929688,2026-06-30,2026-06-09,0.057534246575342465,0.045
788.0,0.1,0.12,0.13,0.11,99.0,0.13990117919921874,737.0499877929688,2026-06-30,2026-06-09,0.057534246575342465,0.045
789.0,0.1,0.11,0.11,0.10500000000000001,62.0,0.1401453173828125,737.0499877929688,2026-06-30,2026-06-09,0.057534246575342465,0.045
790.0,0.1,0.11,0.11,0.10500000000000001,68.0,0.1420984228515625,737.0499877929688,2026-06-30,2026-06-09,0.057534246575342465,0.045
738.0,11.04,11.1,11.81,11.07,209.0,0.19100235275268557,737.0499877929688,2026-07-02,2026-06-09,0.06301369863013699,0.045
739.0,10.57,10.61,10.6,10.59,222.0,0.18994950683593753,737.0499877929688,2026-07-02,2026-06-09,0.06301369863013699,0.045
740.0,10.01,10.02,10.07,10.015,177.0,0.1873250213623047,737.0499877929688,2026-07-02,2026-06-09,0.06301369863013699,0.045
741.0,9.66,9.68,8.99,9.67,4.0,0.1880269186401367,737.0499877929688,2026-07-02,2026-06-09,0.06301369863013699,0.045
742.0,8.97,9.03,9.43,9.0,14.0,0.18418174224853517,737.0499877929688,2026-07-02,2026-06-09,0.06301369863013699,0.045
743.0,8.56,8.61,8.47,8.585,16.0,0.18338829315185545,737.0499877929688,2026-07-02,2026-06-09,0.06301369863013699,0.045
744.0,8.05,8.1,8.92,8.075,37.0,0.18116053222656248,737.0499877929688,2026-07-02,2026-06-09,0.06301369863013699,0.045
745.0,7.53,7.58,7.54,7.555,460.0,0.1785360467529297,737.0499877929688,2026-07-02,2026-06-09,0.06301369863013699,0.045
746.0,7.08,7.13,7.49,7.105,20.0,0.176766044921875,737.0499877929688,2026-07-02,2026-06-09,0.06301369863013699,0.045
747.0,6.73,6.78,7.51,6.755000000000001,6.0,0.17627776855468752,737.0499877929688,2026-07-02,2026-06-09,0.06301369863013699,0.045
748.0,6.26,6.31,6.64,6.285,365.0,0.17374483489990233,737.0499877929688,2026-07-02,2026-06-09,0.06301369863013699,0.045
749.0,5.86,5.91,5.88,5.885,8.0,0.17209690216064455,737.0499877929688,2026-07-02,2026-06-09,0.06301369863013699,0.045
750.0,5.46,5.47,5.8,5.465,1176.0,0.1695639685058594,737.0499877929688,2026-07-02,2026-06-09,0.06301369863013699,0.045
751.0,5.18,5.22,5.38,5.199999999999999,19.0,0.16983862396240235,737.0499877929688,2026-07-02,2026-06-09,0.06301369863013699,0.045
752.0,4.8,4.84,5.23,4.82,102.0,0.16782448394775396,737.0499877929688,2026-07-02,2026-06-09,0.06301369863013699,0.045
753.0,4.41,4.46,5.05,4.4350000000000005,24.0,0.1655051712036133,737.0499877929688,2026-07-02,2026-06-09,0.06301369863013699,0.045
754.0,4.11,4.15,4.53,4.130000000000001,335.0,0.16416241119384767,737.0499877929688,2026-07-02,2026-06-09,0.06301369863013699,0.045
755.0,3.8,3.84,3.81,3.82,93.0,0.16257551300048828,737.0499877929688,2026-07-02,2026-06-09,0.06301369863013699,0.045
756.0,3.56,3.6,3.84,3.58,615.0,0.16199568481445312,737.0499877929688,2026-07-02,2026-06-09,0.06301369863013699,0.045
757.0,3.29,3.33,3.79,3.31,5.0,0.1606529248046875,737.0499877929688,2026-07-02,2026-06-09,0.06301369863013699,0.045
758.0,3.08,3.11,3.12,3.0949999999999998,25.0,0.16004257934570312,737.0499877929688,2026-07-02,2026-06-09,0.06301369863013699,0.045
759.0,2.8,2.83,2.9,2.815,5.0,0.15799792205810548,737.0499877929688,2026-07-02,2026-06-09,0.06301369863013699,0.045
760.0,2.58,2.62,2.59,2.6,1248.0,0.15711292114257813,737.0499877929688,2026-07-02,2026-06-09,0.06301369863013699,0.045
761.0,2.35,2.39,2.29,2.37,1.0,0.15552602294921875,737.0499877929688,2026-07-02,2026-06-09,0.06301369863013699,0.045
762.0,2.14,2.18,2.4,2.16,3.0,0.1540917111206055,737.0499877929688,2026-07-02,2026-06-09,0.06301369863013699,0.045
763.0,2.01,2.04,2.03,2.025,20.0,0.15406119384765626,737.0499877929688,2026-07-02,2026-06-09,0.06301369863013699,0.045
764.0,1.82,1.85,1.97,1.835,12.0,0.15256584747314456,737.0499877929688,2026-07-02,2026-06-09,0.06301369863013699,0.045
765.0,1.63,1.66,2.0,1.645,31.0,0.15076532836914067,737.0499877929688,2026-07-02,2026-06-09,0.06301369863013699,0.045
766.0,1.51,1.54,1.48,1.525,5.0,0.1505211901855469,737.0499877929688,2026-07-02,2026-06-09,0.06301369863013699,0.045
767.0,1.33,1.37,1.58,1.35,3.0,0.14862911926269531,737.0499877929688,2026-07-02,2026-06-09,0.06301369863013699,0.045
768.0,1.22,1.25,1.04,1.2349999999999999,7.0,0.14789670471191407,737.0499877929688,2026-07-02,2026-06-09,0.06301369863013699,0.045
769.0,1.11,1.14,1.17,1.125,11.0,0.14722532470703126,737.0499877929688,2026-07-02,2026-06-09,0.06301369863013699,0.045
770.0,1.0,1.01,1.09,1.005,129.0,0.14563842651367187,737.0499877929688,2026-07-02,2026-06-09,0.06301369863013699,0.045
771.0,0.9,0.92,0.92,0.91,48.0,0.14508911560058596,737.0499877929688,2026-07-02,2026-06-09,0.06301369863013699,0.045
772.0,0.81,0.84,0.97,0.825,18.0,0.14466187377929687,737.0499877929688,2026-07-02,2026-06-09,0.06301369863013699,0.045
773.0,0.72,0.75,0.87,0.735,1.0,0.14368532104492188,737.0499877929688,2026-07-02,2026-06-09,0.06301369863013699,0.045
774.0,0.65,0.68,0.78,0.665,7.0,0.1431970446777344,737.0499877929688,2026-07-02,2026-06-09,0.06301369863013699,0.045
775.0,0.59,0.61,0.63,0.6,8.0,0.1424035955810547,737.0499877929688,2026-07-02,2026-06-09,0.06301369863013699,0.045
776.0,0.53,0.56,0.43,0.545,64.0,0.1424035955810547,737.0499877929688,2026-07-02,2026-06-09,0.06301369863013699,0.045
777.0,0.47,0.49,0.54,0.48,2.0,0.14112187011718752,737.0499877929688,2026-07-02,2026-06-09,0.06301369863013699,0.045
778.0,0.42,0.44,0.46,0.43,5.0,0.14063359375,737.0499877929688,2026-07-02,2026-06-09,0.06301369863013699,0.045
779.0,0.38,0.4,0.45,0.39,6.0,0.14038945556640625,737.0499877929688,2026-07-02,2026-06-09,0.06301369863013699,0.045
780.0,0.34,0.36,0.43,0.35,25.0,0.14002324829101562,737.0499877929688,2026-07-02,2026-06-09,0.06301369863013699,0.045
781.0,0.31,0.32,0.33,0.315,56.0,0.13941290283203128,737.0499877929688,2026-07-02,2026-06-09,0.06301369863013699,0.045
782.0,0.28,0.29,0.27,0.28500000000000003,6.0,0.13941290283203128,737.0499877929688,2026-07-02,2026-06-09,0.06301369863013699,0.045
783.0,0.25,0.27,0.24,0.26,11.0,0.13990117919921874,737.0499877929688,2026-07-02,2026-06-09,0.06301369863013699,0.045
784.0,0.23,0.24,0.24,0.235,5.0,0.13941290283203128,737.0499877929688,2026-07-02,2026-06-09,0.06301369863013699,0.045
785.0,0.21,0.22,0.22,0.215,12.0,0.139657041015625,737.0499877929688,2026-07-02,2026-06-09,0.06301369863013699,0.045
786.0,0.19,0.21,0.16,0.2,2.0,0.14063359375,737.0499877929688,2026-07-02,2026-06-09,0.06301369863013699,0.045
787.0,0.18,0.19,0.19,0.185,1.0,0.14063359375,737.0499877929688,2026-07-02,2026-06-09,0.06301369863013699,0.045
788.0,0.15,0.17,0.18,0.16,75.0,0.14038945556640625,737.0499877929688,2026-07-02,2026-06-09,0.06301369863013699,0.045
789.0,0.15,0.16,0.18,0.155,6.0,0.14112187011718752,737.0499877929688,2026-07-02,2026-06-09,0.06301369863013699,0.045
790.0,0.14,0.15,0.15,0.14500000000000002,14.0,0.14185428466796873,737.0499877929688,2026-07-02,2026-06-09,0.06301369863013699,0.045
791.0,0.12,0.14,0.14,0.13,1.0,0.14258669921875,737.0499877929688,2026-07-02,2026-06-09,0.06301369863013699,0.045
792.0,0.11,0.12,0.07,0.11499999999999999,66.0,0.14136600830078128,737.0499877929688,2026-07-02,2026-06-09,0.06301369863013699,0.045
793.0,0.11,0.12,0.06,0.11499999999999999,120.0,0.14331911376953127,737.0499877929688,2026-07-02,2026-06-09,0.06301369863013699,0.045
794.0,0.1,0.12,0.06,0.11,105.0,0.14527221923828126,737.0499877929688,2026-07-02,2026-06-09,0.06301369863013699,0.045
738.0,12.95,13.0,14.1,12.975,10.0,0.18708088317871097,737.0499877929688,2026-07-10,2026-06-09,0.08493150684931507,0.045
739.0,12.41,12.46,12.77,12.435,23.0,0.18567708862304685,737.0499877929688,2026-07-10,2026-06-09,0.08493150684931507,0.045
740.0,11.92,11.97,11.94,11.945,142.0,0.18473105316162108,737.0499877929688,2026-07-10,2026-06-09,0.08493150684931507,0.045
741.0,11.29,11.34,11.81,11.315,6.0,0.18198449859619142,737.0499877929688,2026-07-10,2026-06-09,0.08493150684931507,0.045
742.0,10.81,10.85,10.86,10.83,15.0,0.18076380767822264,737.0499877929688,2026-07-10,2026-06-09,0.08493150684931507,0.045
742.5,10.66,10.71,11.56,10.685,42.0,0.181374153137207,737.0499877929688,2026-07-10,2026-06-09,0.08493150684931507,0.045
743.0,10.4,10.45,11.2,10.425,25.0,0.1805196694946289,737.0499877929688,2026-07-10,2026-06-09,0.08493150684931507,0.045
744.0,9.75,9.81,10.57,9.780000000000001,15.0,0.17719328674316404,737.0499877929688,2026-07-10,2026-06-09,0.08493150684931507,0.045
745.0,9.26,9.31,9.62,9.285,28.0,0.17545380218505857,737.0499877929688,2026-07-10,2026-06-09,0.08493150684931507,0.045
746.0,8.85,8.88,9.96,8.865,7.0,0.1744162149047852,737.0499877929688,2026-07-10,2026-06-09,0.08493150684931507,0.045
747.0,8.47,8.52,8.68,8.495000000000001,76.0,0.174111042175293,737.0499877929688,2026-07-10,2026-06-09,0.08493150684931507,0.045
747.5,8.17,8.22,8.45,8.195,2.0,0.17240207489013676,737.0499877929688,2026-07-10,2026-06-09,0.08493150684931507,0.045
748.0,8.0,8.05,8.23,8.025,5.0,0.17228000579833985,737.0499877929688,2026-07-10,2026-06-09,0.08493150684931507,0.045
749.0,7.62,7.67,7.79,7.645,12.0,0.17145603942871096,737.0499877929688,2026-07-10,2026-06-09,0.08493150684931507,0.045
750.0,7.1,7.13,7.1,7.115,69.0,0.16837379486083986,737.0499877929688,2026-07-10,2026-06-09,0.08493150684931507,0.045
751.0,6.78,6.83,6.97,6.805,25.0,0.16828224304199224,737.0499877929688,2026-07-10,2026-06-09,0.08493150684931507,0.045
752.0,6.33,6.38,6.71,6.355,25.0,0.16602396484375004,737.0499877929688,2026-07-10,2026-06-09,0.08493150684931507,0.045
752.5,6.15,6.19,6.23,6.17,31.0,0.16529155029296877,737.0499877929688,2026-07-10,2026-06-09,0.08493150684931507,0.045
753.0,6.04,6.09,6.36,6.0649999999999995,46.0,0.16577982666015628,737.0499877929688,2026-07-10,2026-06-09,0.08493150684931507,0.045
754.0,5.62,5.66,5.56,5.640000000000001,1.0,0.16342999664306646,737.0499877929688,2026-07-10,2026-06-09,0.08493150684931507,0.045
755.0,5.38,5.42,5.3,5.4,286.0,0.16358258300781253,737.0499877929688,2026-07-10,2026-06-09,0.08493150684931507,0.045
756.0,4.97,5.02,4.45,4.994999999999999,1.0,0.1612937875366211,737.0499877929688,2026-07-10,2026-06-09,0.08493150684931507,0.045
757.0,4.68,4.73,4.7,4.705,31.0,0.16040878662109376,737.0499877929688,2026-07-10,2026-06-09,0.08493150684931507,0.045
757.5,4.55,4.6,4.56,4.574999999999999,103.0,0.16013413116455077,737.0499877929688,2026-07-10,2026-06-09,0.08493150684931507,0.045
758.0,4.37,4.41,4.58,4.390000000000001,6.0,0.15888292297363282,737.0499877929688,2026-07-10,2026-06-09,0.08493150684931507,0.045
759.0,4.11,4.15,4.54,4.130000000000001,90.0,0.15811999114990233,737.0499877929688,2026-07-10,2026-06-09,0.08493150684931507,0.045
760.0,3.87,3.91,3.96,3.89,130.0,0.15750964569091797,737.0499877929688,2026-07-10,2026-06-09,0.08493150684931507,0.045
761.0,3.62,3.66,3.58,3.64,39.0,0.15656361022949222,737.0499877929688,2026-07-10,2026-06-09,0.08493150684931507,0.045
762.0,3.32,3.36,3.55,3.34,47.0,0.15454947021484378,737.0499877929688,2026-07-10,2026-06-09,0.08493150684931507,0.045
762.5,3.23,3.27,1.8,3.25,36.0,0.15451895294189455,737.0499877929688,2026-07-10,2026-06-09,0.08493150684931507,0.045
763.0,3.09,3.13,3.15,3.11,158.0,0.15354240020751952,737.0499877929688,2026-07-10,2026-06-09,0.08493150684931507,0.045
764.0,2.88,2.92,3.08,2.9,53.0,0.15271843383789066,737.0499877929688,2026-07-10,2026-06-09,0.08493150684931507,0.045
765.0,2.67,2.7,2.72,2.685,95.0,0.1514977429199219,737.0499877929688,2026-07-10,2026-06-09,0.08493150684931507,0.045
766.0,2.52,2.55,2.59,2.535,96.0,0.15146722564697268,737.0499877929688,2026-07-10,2026-06-09,0.08493150684931507,0.045
767.0,2.29,2.33,2.41,2.31,27.0,0.14984981018066407,737.0499877929688,2026-07-10,2026-06-09,0.08493150684931507,0.045
768.0,2.17,2.2,2.4,2.185,122.0,0.1498803274536133,737.0499877929688,2026-07-10,2026-06-09,0.08493150684931507,0.045
769.0,1.97,2.01,2.21,1.9899999999999998,11.0,0.148446015625,737.0499877929688,2026-07-10,2026-06-09,0.08493150684931507,0.045
770.0,1.84,1.87,1.86,1.855,383.0,0.1479272219848633,737.0499877929688,2026-07-10,2026-06-09,0.08493150684931507,0.045
771.0,1.69,1.72,1.94,1.705,1.0,0.1469811865234375,737.0499877929688,2026-07-10,2026-06-09,0.08493150684931507,0.045
772.0,1.53,1.56,1.6,1.545,28.0,0.14557739196777342,737.0499877929688,2026-07-10,2026-06-09,0.08493150684931507,0.045
773.0,1.43,1.46,1.23,1.4449999999999998,256.0,0.14545532287597657,737.0499877929688,2026-07-10,2026-06-09,0.08493150684931507,0.045
774.0,1.31,1.33,1.41,1.32,8.0,0.14441773559570312,737.0499877929688,2026-07-10,2026-06-09,0.08493150684931507,0.045
775.0,1.21,1.24,1.2,1.225,155.0,0.1442346319580078,737.0499877929688,2026-07-10,2026-06-09,0.08493150684931507,0.045
776.0,1.11,1.14,1.13,1.125,5.0,0.14362428649902342,737.0499877929688,2026-07-10,2026-06-09,0.08493150684931507,0.045
777.0,1.02,1.04,1.04,1.03,6.0,0.14283083740234376,737.0499877929688,2026-07-10,2026-06-09,0.08493150684931507,0.045
778.0,0.93,0.96,1.07,0.9450000000000001,5.0,0.14246463012695312,737.0499877929688,2026-07-10,2026-06-09,0.08493150684931507,0.045
779.0,0.86,0.89,0.84,0.875,10.0,0.14222049194335937,737.0499877929688,2026-07-10,2026-06-09,0.08493150684931507,0.045
780.0,0.78,0.81,0.79,0.795,42.0,0.14148807739257813,737.0499877929688,2026-07-10,2026-06-09,0.08493150684931507,0.045
781.0,0.72,0.74,0.76,0.73,6.0,0.14099980102539064,737.0499877929688,2026-07-10,2026-06-09,0.08493150684931507,0.045
782.0,0.65,0.68,0.37,0.665,35.0,0.14063359375,737.0499877929688,2026-07-10,2026-06-09,0.08493150684931507,0.045
783.0,0.6,0.63,0.7,0.615,2.0,0.14051152465820313,737.0499877929688,2026-07-10,2026-06-09,0.08493150684931507,0.045
784.0,0.56,0.58,0.48,0.5700000000000001,33.0,0.1403284210205078,737.0499877929688,2026-07-10,2026-06-09,0.08493150684931507,0.045
785.0,0.5,0.52,0.57,0.51,5.0,0.13941290283203128,737.0499877929688,2026-07-10,2026-06-09,0.08493150684931507,0.045
786.0,0.46,0.49,0.46,0.475,5.0,0.13990117919921874,737.0499877929688,2026-07-10,2026-06-09,0.08493150684931507,0.045
787.0,0.42,0.45,0.49,0.435,524.0,0.139657041015625,737.0499877929688,2026-07-10,2026-06-09,0.08493150684931507,0.045
788.0,0.38,0.4,0.43,0.39,1082.0,0.13868048828125001,737.0499877929688,2026-07-10,2026-06-09,0.08493150684931507,0.045
789.0,0.35,0.37,0.3,0.36,31.0,0.1388025573730469,737.0499877929688,2026-07-10,2026-06-09,0.08493150684931507,0.045
790.0,0.32,0.34,0.38,0.33,8.0,0.13868048828125001,737.0499877929688,2026-07-10,2026-06-09,0.08493150684931507,0.045
791.0,0.31,0.33,0.17,0.32,100.0,0.1397791101074219,737.0499877929688,2026-07-10,2026-06-09,0.08493150684931507,0.045
792.0,0.28,0.29,0.26,0.28500000000000003,6.0,0.13868048828125001,737.0499877929688,2026-07-10,2026-06-09,0.08493150684931507,0.045
793.0,0.25,0.27,0.2,0.26,1.0,0.13892462646484377,737.0499877929688,2026-07-10,2026-06-09,0.08493150684931507,0.045
794.0,0.23,0.25,0.24,0.24,8.0,0.13916876464843753,737.0499877929688,2026-07-10,2026-06-09,0.08493150684931507,0.045
795.0,0.22,0.24,0.23,0.22999999999999998,11.0,0.14002324829101562,737.0499877929688,2026-07-10,2026-06-09,0.08493150684931507,0.045
796.0,0.2,0.21,0.16,0.20500000000000002,35.0,0.13892462646484377,737.0499877929688,2026-07-10,2026-06-09,0.08493150684931507,0.045
797.0,0.19,0.2,0.22,0.195,2.0,0.139657041015625,737.0499877929688,2026-07-10,2026-06-09,0.08493150684931507,0.045
798.0,0.17,0.19,0.16,0.18,109.0,0.14038945556640625,737.0499877929688,2026-07-10,2026-06-09,0.08493150684931507,0.045
799.0,0.16,0.18,0.19,0.16999999999999998,40.0,0.14099980102539064,737.0499877929688,2026-07-10,2026-06-09,0.08493150684931507,0.045
800.0,0.15,0.17,0.17,0.16,5.0,0.141610146484375,737.0499877929688,2026-07-10,2026-06-09,0.08493150684931507,0.045
805.0,0.11,0.12,0.12,0.11499999999999999,20.0,0.1430749755859375,737.0499877929688,2026-07-10,2026-06-09,0.08493150684931507,0.045
738.0,14.85,14.9,14.73,14.875,772.0,0.1890645059204102,737.0499877929688,2026-07-17,2026-06-09,0.10410958904109589,0.045
739.0,14.18,14.2,14.09,14.19,175.0,0.18615010635375978,737.0499877929688,2026-07-17,2026-06-09,0.10410958904109589,0.045
740.0,13.59,13.62,13.75,13.605,784.0,0.18441062179565426,737.0499877929688,2026-07-17,2026-06-09,0.10410958904109589,0.045
741.0,13.2,13.25,13.09,13.225,69.0,0.1848226049804687,737.0499877929688,2026-07-17,2026-06-09,0.10410958904109589,0.045
742.0,12.53,12.58,12.85,12.555,80.0,0.18189294677734374,737.0499877929688,2026-07-17,2026-06-09,0.10410958904109589,0.045
743.0,11.98,12.03,12.01,12.004999999999999,89.0,0.18015346221923828,737.0499877929688,2026-07-17,2026-06-09,0.10410958904109589,0.045
744.0,11.6,11.65,11.44,11.625,155.0,0.18015346221923828,737.0499877929688,2026-07-17,2026-06-09,0.10410958904109589,0.045
745.0,11.0,11.05,11.18,11.025,297.0,0.17762052856445312,737.0499877929688,2026-07-17,2026-06-09,0.10410958904109589,0.045
746.0,10.6,10.64,10.69,10.620000000000001,92.0,0.1770864762878418,737.0499877929688,2026-07-17,2026-06-09,0.10410958904109589,0.045
747.0,10.13,10.17,10.84,10.15,40.0,0.17575897491455078,737.0499877929688,2026-07-17,2026-06-09,0.10410958904109589,0.045
748.0,9.73,9.77,10.49,9.75,200.0,0.1751181121826172,737.0499877929688,2026-07-17,2026-06-09,0.10410958904109589,0.045
749.0,9.13,9.18,9.26,9.155000000000001,23.0,0.17217319534301762,737.0499877929688,2026-07-17,2026-06-09,0.10410958904109589,0.045
750.0,8.82,8.87,8.8,8.844999999999999,664.0,0.17231052307128908,737.0499877929688,2026-07-17,2026-06-09,0.10410958904109589,0.045
751.0,8.35,8.39,9.01,8.370000000000001,137.0,0.1703726762390137,737.0499877929688,2026-07-17,2026-06-09,0.10410958904109589,0.045
752.0,7.96,8.0,7.98,7.98,50.0,0.16935034759521483,737.0499877929688,2026-07-17,2026-06-09,0.10410958904109589,0.045
753.0,7.57,7.59,7.71,7.58,172.0,0.16796181167602542,737.0499877929688,2026-07-17,2026-06-09,0.10410958904109589,0.045
754.0,7.12,7.16,7.82,7.140000000000001,56.0,0.16617655120849611,737.0499877929688,2026-07-17,2026-06-09,0.10410958904109589,0.045
755.0,6.81,6.85,6.91,6.83,126.0,0.16574930938720706,737.0499877929688,2026-07-17,2026-06-09,0.10410958904109589,0.045
756.0,6.39,6.42,6.35,6.404999999999999,128.0,0.1636741348266602,737.0499877929688,2026-07-17,2026-06-09,0.10410958904109589,0.045
757.0,6.05,6.06,6.01,6.055,200.0,0.1623161161804199,737.0499877929688,2026-07-17,2026-06-09,0.10410958904109589,0.045
758.0,5.7,5.74,5.77,5.720000000000001,73.0,0.1613548220825195,737.0499877929688,2026-07-17,2026-06-09,0.10410958904109589,0.045
759.0,5.39,5.43,5.92,5.41,188.0,0.1603477520751953,737.0499877929688,2026-07-17,2026-06-09,0.10410958904109589,0.045
760.0,5.07,5.08,5.07,5.075,927.0,0.1586845606994629,737.0499877929688,2026-07-17,2026-06-09,0.10410958904109589,0.045
761.0,4.81,4.85,4.92,4.83,176.0,0.15851671569824222,737.0499877929688,2026-07-17,2026-06-09,0.10410958904109589,0.045
762.0,4.58,4.62,4.58,4.6,153.0,0.15822680160522462,737.0499877929688,2026-07-17,2026-06-09,0.10410958904109589,0.045
763.0,4.23,4.26,4.68,4.245,53.0,0.15592274749755858,737.0499877929688,2026-07-17,2026-06-09,0.10410958904109589,0.045
764.0,4.05,4.08,4.51,4.0649999999999995,45.0,0.15610585113525394,737.0499877929688,2026-07-17,2026-06-09,0.10410958904109589,0.045
765.0,3.75,3.78,3.88,3.7649999999999997,96.0,0.15433584930419925,737.0499877929688,2026-07-17,2026-06-09,0.10410958904109589,0.045
766.0,3.53,3.57,3.93,3.55,37.0,0.15378653839111328,737.0499877929688,2026-07-17,2026-06-09,0.10410958904109589,0.045
767.0,3.32,3.36,3.36,3.34,2.0,0.1530846411132813,737.0499877929688,2026-07-17,2026-06-09,0.10410958904109589,0.045
768.0,3.09,3.12,3.09,3.105,30.0,0.15174188110351564,737.0499877929688,2026-07-17,2026-06-09,0.10410958904109589,0.045
769.0,2.89,2.92,2.86,2.9050000000000002,115.0,0.15091791473388677,737.0499877929688,2026-07-17,2026-06-09,0.10410958904109589,0.045
770.0,2.74,2.77,2.8,2.755,439.0,0.1508263629150391,737.0499877929688,2026-07-17,2026-06-09,0.10410958904109589,0.045
771.0,2.54,2.57,2.85,2.5549999999999997,40.0,0.149697223815918,737.0499877929688,2026-07-17,2026-06-09,0.10410958904109589,0.045
772.0,2.37,2.4,2.4,2.385,44.0,0.1489342919921875,737.0499877929688,2026-07-17,2026-06-09,0.10410958904109589,0.045
773.0,2.24,2.27,2.4,2.255,76.0,0.14881222290039062,737.0499877929688,2026-07-17,2026-06-09,0.10410958904109589,0.045
774.0,2.08,2.12,2.02,2.1,14.0,0.14820187744140628,737.0499877929688,2026-07-17,2026-06-09,0.10410958904109589,0.045
775.0,1.95,1.97,2.0,1.96,199.0,0.14737791107177733,737.0499877929688,2026-07-17,2026-06-09,0.10410958904109589,0.045
776.0,1.81,1.84,2.03,1.8250000000000002,12.0,0.14685911743164062,737.0499877929688,2026-07-17,2026-06-09,0.10410958904109589,0.045
777.0,1.68,1.71,1.74,1.6949999999999998,61.0,0.14618773742675778,737.0499877929688,2026-07-17,2026-06-09,0.10410958904109589,0.045
778.0,1.58,1.61,1.73,1.5950000000000002,21.0,0.14606566833496093,737.0499877929688,2026-07-17,2026-06-09,0.10410958904109589,0.045
779.0,1.47,1.48,1.64,1.475,38.0,0.14505859832763673,737.0499877929688,2026-07-17,2026-06-09,0.10410958904109589,0.045
780.0,1.34,1.36,1.36,1.35,231.0,0.14411256286621094,737.0499877929688,2026-07-17,2026-06-09,0.10410958904109589,0.045
781.0,1.27,1.3,1.42,1.2850000000000001,13.0,0.14466187377929687,737.0499877929688,2026-07-17,2026-06-09,0.10410958904109589,0.045
782.0,1.17,1.19,1.3,1.18,10.0,0.14368532104492188,737.0499877929688,2026-07-17,2026-06-09,0.10410958904109589,0.045
783.0,1.1,1.12,1.2,1.11,5.0,0.14368532104492188,737.0499877929688,2026-07-17,2026-06-09,0.10410958904109589,0.045
784.0,1.0,1.03,1.16,1.0150000000000001,45.0,0.14295290649414064,737.0499877929688,2026-07-17,2026-06-09,0.10410958904109589,0.045
785.0,0.94,0.97,0.95,0.955,29.0,0.14301394104003906,737.0499877929688,2026-07-17,2026-06-09,0.10410958904109589,0.045
786.0,0.87,0.9,0.9,0.885,26.0,0.14264773376464845,737.0499877929688,2026-07-17,2026-06-09,0.10410958904109589,0.045
787.0,0.8,0.83,0.82,0.815,7.0,0.14215945739746094,737.0499877929688,2026-07-17,2026-06-09,0.10410958904109589,0.045
788.0,0.74,0.76,0.83,0.75,13.0,0.14148807739257813,737.0499877929688,2026-07-17,2026-06-09,0.10410958904109589,0.045
789.0,0.69,0.71,0.78,0.7,8.0,0.14136600830078128,737.0499877929688,2026-07-17,2026-06-09,0.10410958904109589,0.045
790.0,0.64,0.66,0.71,0.65,167.0,0.1412439392089844,737.0499877929688,2026-07-17,2026-06-09,0.10410958904109589,0.045
791.0,0.6,0.62,0.54,0.61,207.0,0.14136600830078128,737.0499877929688,2026-07-17,2026-06-09,0.10410958904109589,0.045
792.0,0.54,0.56,0.56,0.55,1.0,0.14038945556640625,737.0499877929688,2026-07-17,2026-06-09,0.10410958904109589,0.045
793.0,0.52,0.54,0.36,0.53,36.0,0.1412439392089844,737.0499877929688,2026-07-17,2026-06-09,0.10410958904109589,0.045
794.0,0.47,0.49,0.49,0.48,40.0,0.14051152465820313,737.0499877929688,2026-07-17,2026-06-09,0.10410958904109589,0.045
795.0,0.43,0.45,0.44,0.44,25.0,0.1401453173828125,737.0499877929688,2026-07-17,2026-06-09,0.10410958904109589,0.045
796.0,0.41,0.42,0.41,0.415,187.0,0.1401453173828125,737.0499877929688,2026-07-17,2026-06-09,0.10410958904109589,0.045
797.0,0.38,0.39,0.36,0.385,1.0,0.1401453173828125,737.0499877929688,2026-07-17,2026-06-09,0.10410958904109589,0.045
798.0,0.36,0.38,0.36,0.37,3.0,0.14112187011718752,737.0499877929688,2026-07-17,2026-06-09,0.10410958904109589,0.045
799.0,0.33,0.34,0.16,0.335,110.0,0.14026738647460937,737.0499877929688,2026-07-17,2026-06-09,0.10410958904109589,0.045
800.0,0.3,0.32,0.31,0.31,108.0,0.14051152465820313,737.0499877929688,2026-07-17,2026-06-09,0.10410958904109589,0.045
805.0,0.22,0.24,0.24,0.22999999999999998,11.0,0.14222049194335937,737.0499877929688,2026-07-17,2026-06-09,0.10410958904109589,0.045
810.0,0.16,0.17,0.15,0.165,6.0,0.14283083740234376,737.0499877929688,2026-07-17,2026-06-09,0.10410958904109589,0.045
815.0,0.12,0.14,0.1,0.13,3.0,0.14624877197265623,737.0499877929688,2026-07-17,2026-06-09,0.10410958904109589,0.045
820.0,0.1,0.12,0.11,0.11,2.0,0.15039912109375003,737.0499877929688,2026-07-17,2026-06-09,0.10410958904109589,0.045
738.0,16.4,16.46,16.57,16.43,47.0,0.1892476095581055,737.0499877929688,2026-07-24,2026-06-09,0.1232876712328767,0.045
739.0,15.81,15.87,15.48,15.84,2.0,0.1876912286376953,737.0499877929688,2026-07-24,2026-06-09,0.1232876712328767,0.045
740.0,15.25,15.32,16.3,15.285,19.0,0.1864247618103027,737.0499877929688,2026-07-24,2026-06-09,0.1232876712328767,0.045
741.0,14.7,14.76,14.38,14.73,1.0,0.1849904499816894,737.0499877929688,2026-07-24,2026-06-09,0.1232876712328767,0.045
742.0,14.19,14.25,14.72,14.219999999999999,50.0,0.18395286270141603,737.0499877929688,2026-07-24,2026-06-09,0.1232876712328767,0.045
743.0,13.66,13.71,14.34,13.685,15.0,0.18253380950927733,737.0499877929688,2026-07-24,2026-06-09,0.1232876712328767,0.045
744.0,13.14,13.2,14.37,13.17,15.0,0.18131311859130855,737.0499877929688,2026-07-24,2026-06-09,0.1232876712328767,0.045
745.0,12.54,12.61,13.25,12.575,28.0,0.17919216812133787,737.0499877929688,2026-07-24,2026-06-09,0.1232876712328767,0.045
746.0,12.23,12.26,12.65,12.245000000000001,3.0,0.1794057890319824,737.0499877929688,2026-07-24,2026-06-09,0.1232876712328767,0.045
747.0,11.56,11.62,10.21,11.59,8.0,0.1765829412841797,737.0499877929688,2026-07-24,2026-06-09,0.1232876712328767,0.045
748.0,11.11,11.17,12.08,11.14,24.0,0.17557587127685548,737.0499877929688,2026-07-24,2026-06-09,0.1232876712328767,0.045
749.0,10.65,10.71,11.24,10.68,49.0,0.17438569763183598,737.0499877929688,2026-07-24,2026-06-09,0.1232876712328767,0.045
750.0,10.2,10.26,11.08,10.23,23.0,0.1731802653503418,737.0499877929688,2026-07-24,2026-06-09,0.1232876712328767,0.045
751.0,9.7,9.76,10.38,9.73,20.0,0.17134922897338867,737.0499877929688,2026-07-24,2026-06-09,0.1232876712328767,0.045
752.0,9.29,9.35,10.18,9.32,11.0,0.17035741760253909,737.0499877929688,2026-07-24,2026-06-09,0.1232876712328767,0.045
753.0,8.85,8.91,9.95,8.879999999999999,7.0,0.16893836441040044,737.0499877929688,2026-07-24,2026-06-09,0.1232876712328767,0.045
754.0,8.51,8.56,7.03,8.535,3.0,0.16837379486083986,737.0499877929688,2026-07-24,2026-06-09,0.1232876712328767,0.045
755.0,8.09,8.15,8.89,8.120000000000001,6.0,0.16706155212402346,737.0499877929688,2026-07-24,2026-06-09,0.1232876712328767,0.045
756.0,7.78,7.83,8.25,7.805,2.0,0.16663431030273443,737.0499877929688,2026-07-24,2026-06-09,0.1232876712328767,0.045
757.0,7.32,7.37,6.91,7.345000000000001,15.0,0.16452861846923827,737.0499877929688,2026-07-24,2026-06-09,0.1232876712328767,0.045
758.0,7.07,7.12,7.63,7.095000000000001,19.0,0.16468120483398438,737.0499877929688,2026-07-24,2026-06-09,0.1232876712328767,0.045
759.0,6.61,6.66,6.89,6.635,11.0,0.1623008575439453,737.0499877929688,2026-07-24,2026-06-09,0.1232876712328767,0.045
760.0,6.33,6.38,6.9,6.355,11.0,0.16190413299560547,737.0499877929688,2026-07-24,2026-06-09,0.1232876712328767,0.045
761.0,5.99,6.04,6.02,6.015000000000001,1.0,0.16068344207763674,737.0499877929688,2026-07-24,2026-06-09,0.1232876712328767,0.045
762.0,5.68,5.72,4.95,5.699999999999999,1.0,0.1595695616149902,737.0499877929688,2026-07-24,2026-06-09,0.1232876712328767,0.045
763.0,5.46,5.51,5.77,5.484999999999999,1.0,0.15970688934326172,737.0499877929688,2026-07-24,2026-06-09,0.1232876712328767,0.045
764.0,5.2,5.25,4.34,5.225,80.0,0.1591423197937012,737.0499877929688,2026-07-24,2026-06-09,0.1232876712328767,0.045
765.0,4.84,4.88,4.88,4.859999999999999,8.0,0.1570061106872559,737.0499877929688,2026-07-24,2026-06-09,0.1232876712328767,0.045
766.0,4.65,4.7,5.09,4.675000000000001,2.0,0.1572502488708496,737.0499877929688,2026-07-24,2026-06-09,0.1232876712328767,0.045
767.0,4.38,4.43,3.72,4.404999999999999,1.0,0.15616688568115233,737.0499877929688,2026-07-24,2026-06-09,0.1232876712328767,0.045
768.0,4.09,4.13,4.49,4.109999999999999,2.0,0.15453421157836916,737.0499877929688,2026-07-24,2026-06-09,0.1232876712328767,0.045
769.0,3.9,3.95,3.96,3.925,1.0,0.1544579183959961,737.0499877929688,2026-07-24,2026-06-09,0.1232876712328767,0.045
770.0,3.68,3.72,3.96,3.7,52.0,0.15357291748046875,737.0499877929688,2026-07-24,2026-06-09,0.1232876712328767,0.045
771.0,3.43,3.48,3.34,3.455,111.0,0.15238274383544925,737.0499877929688,2026-07-24,2026-06-09,0.1232876712328767,0.045
772.0,3.22,3.27,3.24,3.245,5.0,0.1514977429199219,737.0499877929688,2026-07-24,2026-06-09,0.1232876712328767,0.045
773.0,3.08,3.12,3.37,3.1,1.0,0.15143670837402345,737.0499877929688,2026-07-24,2026-06-09,0.1232876712328767,0.045
774.0,2.88,2.92,2.84,2.9,1.0,0.15046015563964849,737.0499877929688,2026-07-24,2026-06-09,0.1232876712328767,0.045
775.0,2.69,2.74,2.95,2.715,21.0,0.149697223815918,737.0499877929688,2026-07-24,2026-06-09,0.1232876712328767,0.045
776.0,2.54,2.58,2.7,2.56,26.0,0.1491173956298828,737.0499877929688,2026-07-24,2026-06-09,0.1232876712328767,0.045
777.0,2.38,2.42,2.53,2.4,11.0,0.148446015625,737.0499877929688,2026-07-24,2026-06-09,0.1232876712328767,0.045
778.0,2.27,2.3,1.71,2.285,28.0,0.14838498107910159,737.0499877929688,2026-07-24,2026-06-09,0.1232876712328767,0.045
779.0,2.11,2.14,2.16,2.125,2.0,0.1474389456176758,737.0499877929688,2026-07-24,2026-06-09,0.1232876712328767,0.045
780.0,1.99,2.03,2.09,2.01,40.0,0.14734739379882814,737.0499877929688,2026-07-24,2026-06-09,0.1232876712328767,0.045
781.0,1.85,1.89,2.04,1.87,67.0,0.14652342742919922,737.0499877929688,2026-07-24,2026-06-09,0.1232876712328767,0.045
782.0,1.77,1.81,1.66,1.79,3.0,0.14685911743164062,737.0499877929688,2026-07-24,2026-06-09,0.1232876712328767,0.045
783.0,1.65,1.68,1.18,1.665,12.0,0.14600463378906248,737.0499877929688,2026-07-24,2026-06-09,0.1232876712328767,0.045
784.0,1.53,1.56,1.01,1.545,5.0,0.1452111846923828,737.0499877929688,2026-07-24,2026-06-09,0.1232876712328767,0.045
785.0,1.44,1.47,1.55,1.455,3.0,0.1450280810546875,737.0499877929688,2026-07-24,2026-06-09,0.1232876712328767,0.045
786.0,1.34,1.37,1.5,1.355,33.0,0.14444825286865232,737.0499877929688,2026-07-24,2026-06-09,0.1232876712328767,0.045
787.0,1.27,1.3,1.19,1.2850000000000001,7.0,0.1445398046875,737.0499877929688,2026-07-24,2026-06-09,0.1232876712328767,0.045
788.0,1.19,1.22,1.27,1.205,26.0,0.14429566650390624,737.0499877929688,2026-07-24,2026-06-09,0.1232876712328767,0.045
789.0,1.11,1.14,1.19,1.125,8.0,0.14386842468261718,737.0499877929688,2026-07-24,2026-06-09,0.1232876712328767,0.045
790.0,1.02,1.05,0.95,1.0350000000000001,2.0,0.1430749755859375,737.0499877929688,2026-07-24,2026-06-09,0.1232876712328767,0.045
791.0,0.96,0.99,0.77,0.975,10.0,0.14301394104003906,737.0499877929688,2026-07-24,2026-06-09,0.1232876712328767,0.045
792.0,0.9,0.93,0.71,0.915,10.0,0.1428918719482422,737.0499877929688,2026-07-24,2026-06-09,0.1232876712328767,0.045
793.0,0.84,0.87,0.74,0.855,32.0,0.14264773376464845,737.0499877929688,2026-07-24,2026-06-09,0.1232876712328767,0.045
794.0,0.78,0.81,0.45,0.795,21.0,0.1422815264892578,737.0499877929688,2026-07-24,2026-06-09,0.1232876712328767,0.045
795.0,0.74,0.76,0.66,0.75,68.0,0.14215945739746094,737.0499877929688,2026-07-24,2026-06-09,0.1232876712328767,0.045
796.0,0.7,0.73,0.62,0.715,16.0,0.14270876831054688,737.0499877929688,2026-07-24,2026-06-09,0.1232876712328767,0.045
797.0,0.65,0.68,0.63,0.665,6.0,0.14246463012695312,737.0499877929688,2026-07-24,2026-06-09,0.1232876712328767,0.045
798.0,0.61,0.63,0.57,0.62,11.0,0.14203738830566404,737.0499877929688,2026-07-24,2026-06-09,0.1232876712328767,0.045
799.0,0.56,0.59,0.57,0.575,1.0,0.14191531921386719,737.0499877929688,2026-07-24,2026-06-09,0.1232876712328767,0.045
800.0,0.53,0.55,0.53,0.54,2.0,0.14173221557617188,737.0499877929688,2026-07-24,2026-06-09,0.1232876712328767,0.045
805.0,0.37,0.4,0.44,0.385,3.0,0.14173221557617188,737.0499877929688,2026-07-24,2026-06-09,0.1232876712328767,0.045
810.0,0.28,0.29,0.25,0.28500000000000003,38.0,0.14185428466796873,737.0499877929688,2026-07-24,2026-06-09,0.1232876712328767,0.045
815.0,0.21,0.22,0.23,0.215,13.0,0.1430749755859375,737.0499877929688,2026-07-24,2026-06-09,0.1232876712328767,0.045
820.0,0.16,0.18,0.13,0.16999999999999998,105.0,0.1458825646972656,737.0499877929688,2026-07-24,2026-06-09,0.1232876712328767,0.045
825.0,0.13,0.14,0.13,0.135,6.0,0.147469462890625,737.0499877929688,2026-07-24,2026-06-09,0.1232876712328767,0.045
738.0,18.12,18.18,19.65,18.15,6.0,0.19171950866699222,737.0499877929688,2026-07-31,2026-06-09,0.14246575342465753,0.045
739.0,17.57,17.64,17.81,17.605,1.0,0.1907582145690918,737.0499877929688,2026-07-31,2026-06-09,0.14246575342465753,0.045
740.0,17.02,17.08,17.18,17.049999999999997,189.0,0.18953752365112309,737.0499877929688,2026-07-31,2026-06-09,0.14246575342465753,0.045
741.0,16.48,16.53,17.78,16.505000000000003,5.0,0.18833209136962892,737.0499877929688,2026-07-31,2026-06-09,0.14246575342465753,0.045
742.0,16.03,16.09,15.42,16.060000000000002,1.0,0.18807269454956055,737.0499877929688,2026-07-31,2026-06-09,0.14246575342465753,0.045
743.0,15.34,15.4,14.32,15.370000000000001,1.0,0.1854329504394531,737.0499877929688,2026-07-31,2026-06-09,0.14246575342465753,0.045
744.0,14.92,14.98,14.97,14.95,2.0,0.18520407089233393,737.0499877929688,2026-07-31,2026-06-09,0.14246575342465753,0.045
745.0,14.33,14.39,15.55,14.36,23.0,0.183327258605957,737.0499877929688,2026-07-31,2026-06-09,0.14246575342465753,0.045
746.0,13.87,13.93,14.17,13.899999999999999,14.0,0.18257958541870117,737.0499877929688,2026-07-31,2026-06-09,0.14246575342465753,0.045
747.0,13.29,13.35,13.06,13.32,32.0,0.18062647994995118,737.0499877929688,2026-07-31,2026-06-09,0.14246575342465753,0.045
748.0,12.9,12.96,13.16,12.93,8.0,0.1803670831298828,737.0499877929688,2026-07-31,2026-06-09,0.14246575342465753,0.045
749.0,12.36,12.41,13.25,12.385,59.0,0.1785207881164551,737.0499877929688,2026-07-31,2026-06-09,0.14246575342465753,0.045
750.0,11.95,12.01,11.78,11.98,74.0,0.17801725311279298,737.0499877929688,2026-07-31,2026-06-09,0.14246575342465753,0.045
751.0,11.4,11.46,12.14,11.43,2.0,0.17598785446166992,737.0499877929688,2026-07-31,2026-06-09,0.14246575342465753,0.045
752.0,11.0,11.06,11.17,11.030000000000001,78.0,0.1753164744567871,737.0499877929688,2026-07-31,2026-06-09,0.14246575342465753,0.045
753.0,10.58,10.64,10.93,10.61,2.0,0.17437043899536137,737.0499877929688,2026-07-31,2026-06-09,0.14246575342465753,0.045
754.0,10.07,10.12,11.2,10.094999999999999,4.0,0.1723410403442383,737.0499877929688,2026-07-31,2026-06-09,0.14246575342465753,0.045
755.0,9.68,9.74,10.34,9.71,22.0,0.17160862579345704,737.0499877929688,2026-07-31,2026-06-09,0.14246575342465753,0.045
756.0,9.21,9.26,9.36,9.235,25.0,0.16974707214355472,737.0499877929688,2026-07-31,2026-06-09,0.14246575342465753,0.045
757.0,8.86,8.92,9.19,8.89,83.0,0.1692435371398926,737.0499877929688,2026-07-31,2026-06-09,0.14246575342465753,0.045
758.0,8.46,8.51,9.18,8.485,36.0,0.16791603576660158,737.0499877929688,2026-07-31,2026-06-09,0.14246575342465753,0.045
759.0,8.16,8.22,7.47,8.190000000000001,2.0,0.1677481907653809,737.0499877929688,2026-07-31,2026-06-09,0.14246575342465753,0.045
760.0,7.75,7.8,7.96,7.775,515.0,0.16611551666259772,737.0499877929688,2026-07-31,2026-06-09,0.14246575342465753,0.045
761.0,7.4,7.45,7.16,7.425000000000001,1.0,0.16510844665527347,737.0499877929688,2026-07-31,2026-06-09,0.14246575342465753,0.045
762.0,7.03,7.08,7.26,7.055,17.0,0.16379620391845706,737.0499877929688,2026-07-31,2026-06-09,0.14246575342465753,0.045
763.0,6.8,6.84,7.28,6.82,2.0,0.1638267211914063,737.0499877929688,2026-07-31,2026-06-09,0.14246575342465753,0.045
764.0,6.4,6.45,7.0,6.425000000000001,2.0,0.16205671936035154,737.0499877929688,2026-07-31,2026-06-09,0.14246575342465753,0.045
765.0,6.13,6.18,6.5,6.154999999999999,62.0,0.16156844299316403,737.0499877929688,2026-07-31,2026-06-09,0.14246575342465753,0.045
766.0,5.85,5.9,5.09,5.875,10.0,0.16086654571533204,737.0499877929688,2026-07-31,2026-06-09,0.14246575342465753,0.045
767.0,5.52,5.57,5.76,5.545,1.0,0.15944749252319335,737.0499877929688,2026-07-31,2026-06-09,0.14246575342465753,0.045
768.0,5.26,5.28,5.49,5.27,2.0,0.1583946466064453,737.0499877929688,2026-07-31,2026-06-09,0.14246575342465753,0.045
769.0,5.01,5.06,4.87,5.035,40.0,0.15811999114990233,737.0499877929688,2026-07-31,2026-06-09,0.14246575342465753,0.045
770.0,4.79,4.83,5.33,4.8100000000000005,126.0,0.15760119750976562,737.0499877929688,2026-07-31,2026-06-09,0.14246575342465753,0.045
771.0,4.56,4.6,4.73,4.58,31.0,0.1570213693237305,737.0499877929688,2026-07-31,2026-06-09,0.14246575342465753,0.045
772.0,4.3,4.35,4.24,4.324999999999999,1.0,0.15604481658935548,737.0499877929688,2026-07-31,2026-06-09,0.14246575342465753,0.045
773.0,4.07,4.11,4.25,4.09,12.0,0.1550987811279297,737.0499877929688,2026-07-31,2026-06-09,0.14246575342465753,0.045
774.0,3.92,3.96,3.99,3.94,2.0,0.15528188476562502,737.0499877929688,2026-07-31,2026-06-09,0.14246575342465753,0.045
775.0,3.68,3.72,4.0,3.7,39.0,0.15412222839355472,737.0499877929688,2026-07-31,2026-06-09,0.14246575342465753,0.045
776.0,3.49,3.54,2.98,3.515,1.0,0.15369498657226563,737.0499877929688,2026-07-31,2026-06-09,0.14246575342465753,0.045
777.0,3.32,3.36,3.66,3.34,5.0,0.15317619293212892,737.0499877929688,2026-07-31,2026-06-09,0.14246575342465753,0.045
778.0,3.12,3.17,3.37,3.145,3.0,0.15241326110839848,737.0499877929688,2026-07-31,2026-06-09,0.14246575342465753,0.045
779.0,2.92,2.96,2.49,2.94,35.0,0.15119257019042973,737.0499877929688,2026-07-31,2026-06-09,0.14246575342465753,0.045
780.0,2.79,2.83,3.05,2.81,9.0,0.1511315356445313,737.0499877929688,2026-07-31,2026-06-09,0.14246575342465753,0.045
781.0,2.64,2.68,2.87,2.66,2.0,0.15067377655029301,737.0499877929688,2026-07-31,2026-06-09,0.14246575342465753,0.045
782.0,2.48,2.51,2.51,2.495,6.0,0.14975825836181644,737.0499877929688,2026-07-31,2026-06-09,0.14246575342465753,0.045
783.0,2.34,2.38,2.38,2.36,21.0,0.149422568359375,737.0499877929688,2026-07-31,2026-06-09,0.14246575342465753,0.045
784.0,2.21,2.25,2.35,2.23,8.0,0.14899532653808595,737.0499877929688,2026-07-31,2026-06-09,0.14246575342465753,0.045
785.0,2.08,2.12,2.05,2.1,1.0,0.148446015625,737.0499877929688,2026-07-31,2026-06-09,0.14246575342465753,0.045
786.0,1.98,2.02,1.5,2.0,5.0,0.1484154983520508,737.0499877929688,2026-07-31,2026-06-09,0.14246575342465753,0.045
787.0,1.89,1.92,1.92,1.9049999999999998,1.0,0.1482934292602539,737.0499877929688,2026-07-31,2026-06-09,0.14246575342465753,0.045
788.0,1.76,1.79,1.93,1.775,36.0,0.1474389456176758,737.0499877929688,2026-07-31,2026-06-09,0.14246575342465753,0.045
789.0,1.63,1.67,1.25,1.65,72.0,0.1466760137939453,737.0499877929688,2026-07-31,2026-06-09,0.14246575342465753,0.045
790.0,1.54,1.58,1.67,1.56,10.0,0.14643187561035154,737.0499877929688,2026-07-31,2026-06-09,0.14246575342465753,0.045
791.0,1.45,1.49,1.59,1.47,1.0,0.14612670288085935,737.0499877929688,2026-07-31,2026-06-09,0.14246575342465753,0.045
792.0,1.39,1.42,1.4,1.4049999999999998,2.0,0.14618773742675778,737.0499877929688,2026-07-31,2026-06-09,0.14246575342465753,0.045
793.0,1.3,1.33,1.35,1.315,1.0,0.1456994610595703,737.0499877929688,2026-07-31,2026-06-09,0.14246575342465753,0.045
794.0,1.23,1.26,1.23,1.245,1.0,0.14557739196777342,737.0499877929688,2026-07-31,2026-06-09,0.14246575342465753,0.045
795.0,1.17,1.2,1.1,1.185,1.0,0.1456994610595703,737.0499877929688,2026-07-31,2026-06-09,0.14246575342465753,0.045
796.0,1.07,1.1,0.98,1.085,4.0,0.1445398046875,737.0499877929688,2026-07-31,2026-06-09,0.14246575342465753,0.045
797.0,1.03,1.06,0.7,1.045,1.0,0.14505859832763673,737.0499877929688,2026-07-31,2026-06-09,0.14246575342465753,0.045
798.0,0.95,0.98,0.72,0.965,12.0,0.14429566650390624,737.0499877929688,2026-07-31,2026-06-09,0.14246575342465753,0.045
799.0,0.91,0.94,0.68,0.925,10.0,0.14466187377929687,737.0499877929688,2026-07-31,2026-06-09,0.14246575342465753,0.045
800.0,0.85,0.88,0.95,0.865,71.0,0.14429566650390624,737.0499877929688,2026-07-31,2026-06-09,0.14246575342465753,0.045
805.0,0.63,0.66,0.65,0.645,14.0,0.1439294592285156,737.0499877929688,2026-07-31,2026-06-09,0.14246575342465753,0.045
810.0,0.47,0.49,0.44,0.48,2.0,0.14368532104492188,737.0499877929688,2026-07-31,2026-06-09,0.14246575342465753,0.045
815.0,0.35,0.36,0.35,0.355,9.0,0.14331911376953127,737.0499877929688,2026-07-31,2026-06-09,0.14246575342465753,0.045
820.0,0.26,0.28,0.22,0.27,195.0,0.1445398046875,737.0499877929688,2026-07-31,2026-06-09,0.14246575342465753,0.045
825.0,0.21,0.22,0.23,0.215,5.0,0.14576049560546872,737.0499877929688,2026-07-31,2026-06-09,0.14246575342465753,0.045
738.0,22.81,22.87,23.98,22.84,12.0,0.19763985961914063,737.0499877929688,2026-08-21,2026-06-09,0.2,0.045
739.0,22.11,22.17,22.22,22.14,20.0,0.19565623687744144,737.0499877929688,2026-08-21,2026-06-09,0.2,0.045
740.0,21.62,21.68,22.5,21.65,123.0,0.19522899505615232,737.0499877929688,2026-08-21,2026-06-09,0.2,0.045
741.0,21.03,21.08,21.62,21.055,80.0,0.19390149368286136,737.0499877929688,2026-08-21,2026-06-09,0.2,0.045
742.0,20.48,20.54,21.79,20.509999999999998,1.0,0.1929859754943848,737.0499877929688,2026-08-21,2026-06-09,0.2,0.045
743.0,19.79,19.85,20.45,19.82,10.0,0.19086502502441405,737.0499877929688,2026-08-21,2026-06-09,0.2,0.045
744.0,19.23,19.28,18.63,19.255000000000003,2.0,0.1896290754699707,737.0499877929688,2026-08-21,2026-06-09,0.2,0.045
745.0,18.85,18.9,19.76,18.875,81.0,0.18979692047119145,737.0499877929688,2026-08-21,2026-06-09,0.2,0.045
746.0,18.16,18.22,18.03,18.189999999999998,3.0,0.18758441818237304,737.0499877929688,2026-08-21,2026-06-09,0.2,0.045
747.0,17.57,17.63,16.94,17.6,25.0,0.18601277862548826,737.0499877929688,2026-08-21,2026-06-09,0.2,0.045
748.0,17.15,17.21,17.0,17.18,87.0,0.18572286453247067,737.0499877929688,2026-08-21,2026-06-09,0.2,0.045
749.0,16.59,16.64,17.0,16.615000000000002,1.0,0.1841970008850098,737.0499877929688,2026-08-21,2026-06-09,0.2,0.045
750.0,16.22,16.28,16.08,16.25,155.0,0.1842732940673828,737.0499877929688,2026-08-21,2026-06-09,0.2,0.045
751.0,15.56,15.61,16.8,15.585,20.0,0.1818319122314453,737.0499877929688,2026-08-21,2026-06-09,0.2,0.045
752.0,15.24,15.29,16.33,15.265,101.0,0.1821218263244629,737.0499877929688,2026-08-21,2026-06-09,0.2,0.045
753.0,14.68,14.74,15.85,14.71,5.0,0.18050441085815427,737.0499877929688,2026-08-21,2026-06-09,0.2,0.045
754.0,14.24,14.3,13.56,14.27,1.0,0.17972622039794922,737.0499877929688,2026-08-21,2026-06-09,0.2,0.045
755.0,13.7,13.74,13.77,13.719999999999999,150.0,0.17789518402099608,737.0499877929688,2026-08-21,2026-06-09,0.2,0.045
756.0,13.28,13.33,13.13,13.305,67.0,0.17723906265258788,737.0499877929688,2026-08-21,2026-06-09,0.2,0.045
757.0,12.8,12.85,10.45,12.825,24.0,0.17594207855224608,737.0499877929688,2026-08-21,2026-06-09,0.2,0.045
758.0,12.38,12.43,12.75,12.405000000000001,39.0,0.17507233627319335,737.0499877929688,2026-08-21,2026-06-09,0.2,0.045
759.0,12.06,12.11,12.72,12.085,20.0,0.17496552581787111,737.0499877929688,2026-08-21,2026-06-09,0.2,0.045
760.0,11.51,11.54,11.51,11.524999999999999,143.0,0.1727072476196289,737.0499877929688,2026-08-21,2026-06-09,0.2,0.045
761.0,11.17,11.2,11.06,11.184999999999999,11.0,0.1723257817077637,737.0499877929688,2026-08-21,2026-06-09,0.2,0.045
762.0,10.75,10.8,11.54,10.775,2.0,0.17136448760986328,737.0499877929688,2026-08-21,2026-06-09,0.2,0.045
763.0,10.48,10.52,10.29,10.5,41.0,0.1713797462463379,737.0499877929688,2026-08-21,2026-06-09,0.2,0.045
764.0,9.94,9.99,10.66,9.965,14.0,0.16915198532104492,737.0499877929688,2026-08-21,2026-06-09,0.2,0.045
765.0,9.61,9.64,9.76,9.625,223.0,0.1684195707702637,737.0499877929688,2026-08-21,2026-06-09,0.2,0.045
766.0,9.26,9.31,9.61,9.285,1.0,0.16780922531127934,737.0499877929688,2026-08-21,2026-06-09,0.2,0.045
767.0,8.93,8.98,9.45,8.955,25.0,0.1671225866699219,737.0499877929688,2026-08-21,2026-06-09,0.2,0.045
768.0,8.62,8.67,9.39,8.645,709.0,0.166573275756836,737.0499877929688,2026-08-21,2026-06-09,0.2,0.045
769.0,8.36,8.41,8.67,8.385,2.0,0.16640543075561526,737.0499877929688,2026-08-21,2026-06-09,0.2,0.045
770.0,7.94,7.98,7.94,7.960000000000001,215.0,0.16458965301513673,737.0499877929688,2026-08-21,2026-06-09,0.2,0.045
771.0,7.63,7.67,7.94,7.65,525.0,0.16381146255493167,737.0499877929688,2026-08-21,2026-06-09,0.2,0.045
772.0,7.46,7.49,7.59,7.475,29.0,0.16423870437622073,737.0499877929688,2026-08-21,2026-06-09,0.2,0.045
773.0,7.06,7.11,6.08,7.085,113.0,0.16265180618286135,737.0499877929688,2026-08-21,2026-06-09,0.2,0.045
774.0,6.8,6.85,6.44,6.824999999999999,1.0,0.16216352981567383,737.0499877929688,2026-08-21,2026-06-09,0.2,0.045
775.0,6.49,6.54,6.57,6.515000000000001,55.0,0.1611106838989258,737.0499877929688,2026-08-21,2026-06-09,0.2,0.045
776.0,6.29,6.33,5.76,6.3100000000000005,15.0,0.1609886148071289,737.0499877929688,2026-08-21,2026-06-09,0.2,0.045
777.0,6.07,6.11,5.2,6.09,48.0,0.16072921798706058,737.0499877929688,2026-08-21,2026-06-09,0.2,0.045
778.0,5.75,5.79,5.71,5.77,1.0,0.15931016479492188,737.0499877929688,2026-08-21,2026-06-09,0.2,0.045
779.0,5.56,5.6,5.29,5.58,314.0,0.15923387161254882,737.0499877929688,2026-08-21,2026-06-09,0.2,0.045
780.0,5.29,5.33,5.34,5.3100000000000005,59.0,0.15821154296875,737.0499877929688,2026-08-21,2026-06-09,0.2,0.045
781.0,5.05,5.09,5.6,5.07,1.0,0.1574333525085449,737.0499877929688,2026-08-21,2026-06-09,0.2,0.045
782.0,4.82,4.86,4.84,4.84,1.0,0.15668567932128907,737.0499877929688,2026-08-21,2026-06-09,0.2,0.045
783.0,4.7,4.74,3.02,4.720000000000001,13.0,0.15717395568847659,737.0499877929688,2026-08-21,2026-06-09,0.2,0.045
784.0,4.49,4.54,3.95,4.515000000000001,1.0,0.15663990341186523,737.0499877929688,2026-08-21,2026-06-09,0.2,0.045
785.0,4.26,4.3,4.22,4.279999999999999,40.0,0.15555654022216797,737.0499877929688,2026-08-21,2026-06-09,0.2,0.045
786.0,4.06,4.1,4.16,4.08,1.0,0.1548699015808106,737.0499877929688,2026-08-21,2026-06-09,0.2,0.045
787.0,3.92,3.96,4.25,3.94,93.0,0.1548851602172852,737.0499877929688,2026-08-21,2026-06-09,0.2,0.045
788.0,3.74,3.78,3.4,3.76,15.0,0.15430533203125002,737.0499877929688,2026-08-21,2026-06-09,0.2,0.045
789.0,3.58,3.62,3.45,3.6,1.0,0.15393912475585939,737.0499877929688,2026-08-21,2026-06-09,0.2,0.045
790.0,3.43,3.46,3.52,3.4450000000000003,38.0,0.15348136566162113,737.0499877929688,2026-08-21,2026-06-09,0.2,0.045
791.0,3.24,3.28,3.3,3.26,3.0,0.15268791656494146,737.0499877929688,2026-08-21,2026-06-09,0.2,0.045
792.0,3.13,3.15,3.15,3.1399999999999997,4.0,0.1525048129272461,737.0499877929688,2026-08-21,2026-06-09,0.2,0.045
793.0,2.98,3.02,2.68,3.0,25.0,0.15226067474365235,737.0499877929688,2026-08-21,2026-06-09,0.2,0.045
794.0,2.8,2.83,2.55,2.815,8.0,0.15107050109863285,737.0499877929688,2026-08-21,2026-06-09,0.2,0.045
795.0,2.7,2.73,2.62,2.715,6.0,0.1511315356445313,737.0499877929688,2026-08-21,2026-06-09,0.2,0.045
796.0,2.55,2.58,2.28,2.565,12.0,0.1503686038208008,737.0499877929688,2026-08-21,2026-06-09,0.2,0.045
797.0,2.43,2.47,2.2,2.45,73.0,0.15015498291015628,737.0499877929688,2026-08-21,2026-06-09,0.2,0.045
798.0,2.31,2.34,2.34,2.325,4.0,0.14954463745117189,737.0499877929688,2026-08-21,2026-06-09,0.2,0.045
799.0,2.21,2.25,2.0,2.23,160.0,0.14954463745117189,737.0499877929688,2026-08-21,2026-06-09,0.2,0.045
800.0,2.11,2.13,2.1,2.12,220.0,0.14896480926513672,737.0499877929688,2026-08-21,2026-06-09,0.2,0.045
805.0,1.66,1.68,1.72,1.67,42.0,0.14771360107421877,737.0499877929688,2026-08-21,2026-06-09,0.2,0.045
810.0,1.29,1.3,1.35,1.295,7.0,0.14624877197265623,737.0499877929688,2026-08-21,2026-06-09,0.2,0.045
815.0,1.01,1.03,1.03,1.02,7.0,0.14582153015136717,737.0499877929688,2026-08-21,2026-06-09,0.2,0.045
820.0,0.77,0.79,0.85,0.78,30.0,0.1447229083251953,737.0499877929688,2026-08-21,2026-06-09,0.2,0.045
825.0,0.61,0.63,0.65,0.62,17.0,0.14490601196289063,737.0499877929688,2026-08-21,2026-06-09,0.2,0.045
738.0,24.61,24.66,25.18,24.634999999999998,13.0,0.19818917053222657,737.0499877929688,2026-08-31,2026-06-09,0.2273972602739726,0.045
739.0,23.89,23.95,28.14,23.92,1.0,0.1962665823364258,737.0499877929688,2026-08-31,2026-06-09,0.2273972602739726,0.045
740.0,23.41,23.47,24.32,23.439999999999998,58.0,0.19594615097045898,737.0499877929688,2026-08-31,2026-06-09,0.2273972602739726,0.045
741.0,22.83,22.9,18.08,22.865,36.0,0.19493908096313478,737.0499877929688,2026-08-31,2026-06-09,0.2273972602739726,0.045
742.0,22.15,22.21,19.76,22.18,23.0,0.19303175140380857,737.0499877929688,2026-08-31,2026-06-09,0.2273972602739726,0.045
743.0,21.58,21.64,22.34,21.61,1.0,0.19193312957763675,737.0499877929688,2026-08-31,2026-06-09,0.2273972602739726,0.045
744.0,21.11,21.17,17.65,21.14,15.0,0.1915211463928223,737.0499877929688,2026-08-31,2026-06-09,0.2273972602739726,0.045
745.0,20.43,20.5,21.74,20.465,12.0,0.18959855819702148,737.0499877929688,2026-08-31,2026-06-09,0.2273972602739726,0.045
746.0,19.86,19.92,20.18,19.89,18.0,0.1883015740966797,737.0499877929688,2026-08-31,2026-06-09,0.2273972602739726,0.045
747.0,19.38,19.44,19.3,19.41,29.0,0.18767597000122072,737.0499877929688,2026-08-31,2026-06-09,0.2273972602739726,0.045
748.0,19.01,19.08,17.63,19.045,2.0,0.1878743322753906,737.0499877929688,2026-08-31,2026-06-09,0.2273972602739726,0.045
749.0,18.4,18.46,17.61,18.43,20.0,0.18613484771728517,737.0499877929688,2026-08-31,2026-06-09,0.2273972602739726,0.045
750.0,17.79,17.85,18.44,17.82,7.0,0.18441062179565426,737.0499877929688,2026-08-31,2026-06-09,0.2273972602739726,0.045
751.0,17.31,17.37,16.71,17.34,80.0,0.18358665542602537,737.0499877929688,2026-08-31,2026-06-09,0.2273972602739726,0.045
752.0,16.78,16.84,16.38,16.810000000000002,1.0,0.18235070587158203,737.0499877929688,2026-08-31,2026-06-09,0.2273972602739726,0.045
753.0,16.25,16.31,15.25,16.28,2.0,0.18105372177124018,737.0499877929688,2026-08-31,2026-06-09,0.2273972602739726,0.045
754.0,15.87,15.92,23.33,15.895,1.0,0.18076380767822264,737.0499877929688,2026-08-31,2026-06-09,0.2273972602739726,0.045
755.0,15.36,15.41,16.0,15.385,2.0,0.1795125994873047,737.0499877929688,2026-08-31,2026-06-09,0.2273972602739726,0.045
756.0,14.97,15.03,15.27,15.0,1.0,0.17919216812133787,737.0499877929688,2026-08-31,2026-06-09,0.2273972602739726,0.045
757.0,14.45,14.51,15.04,14.48,3.0,0.17775785629272461,737.0499877929688,2026-08-31,2026-06-09,0.2273972602739726,0.045
758.0,13.96,14.02,13.92,13.99,2.0,0.17649138946533205,737.0499877929688,2026-08-31,2026-06-09,0.2273972602739726,0.045
759.0,13.54,13.59,11.72,13.565,52.0,0.17563690582275393,737.0499877929688,2026-08-31,2026-06-09,0.2273972602739726,0.045
760.0,13.08,13.12,13.2,13.1,381.0,0.1744162149047852,737.0499877929688,2026-08-31,2026-06-09,0.2273972602739726,0.045
761.0,12.76,12.82,13.63,12.79,7.0,0.174461990814209,737.0499877929688,2026-08-31,2026-06-09,0.2273972602739726,0.045
762.0,12.35,12.41,13.11,12.379999999999999,5.0,0.17359224853515626,737.0499877929688,2026-08-31,2026-06-09,0.2273972602739726,0.045
763.0,11.89,11.94,12.17,11.915,45.0,0.17218845397949223,737.0499877929688,2026-08-31,2026-06-09,0.2273972602739726,0.045
764.0,11.58,11.63,11.55,11.605,17.0,0.17202060897827148,737.0499877929688,2026-08-31,2026-06-09,0.2273972602739726,0.045
765.0,11.16,11.22,11.58,11.190000000000001,4.0,0.17096776306152345,737.0499877929688,2026-08-31,2026-06-09,0.2273972602739726,0.045
766.0,10.69,10.74,11.01,10.715,31.0,0.16928931304931644,737.0499877929688,2026-08-31,2026-06-09,0.2273972602739726,0.045
767.0,10.39,10.44,10.64,10.415,31.0,0.16902991622924807,737.0499877929688,2026-08-31,2026-06-09,0.2273972602739726,0.045
768.0,10.08,10.13,7.38,10.105,9.0,0.16864845031738285,737.0499877929688,2026-08-31,2026-06-09,0.2273972602739726,0.045
769.0,9.64,9.69,14.86,9.665,1.0,0.1670920693969727,737.0499877929688,2026-08-31,2026-06-09,0.2273972602739726,0.045
770.0,9.39,9.44,9.89,9.415,3.0,0.1671073280334473,737.0499877929688,2026-08-31,2026-06-09,0.2273972602739726,0.045
771.0,8.98,9.03,6.36,9.004999999999999,2.0,0.165673016204834,737.0499877929688,2026-08-31,2026-06-09,0.2273972602739726,0.045
772.0,8.67,8.72,9.2,8.695,6.0,0.165047412109375,737.0499877929688,2026-08-31,2026-06-09,0.2273972602739726,0.045
773.0,8.36,8.4,7.91,8.379999999999999,155.0,0.1642692216491699,737.0499877929688,2026-08-31,2026-06-09,0.2273972602739726,0.045
774.0,8.04,8.09,5.56,8.065,29.0,0.16352154846191408,737.0499877929688,2026-08-31,2026-06-09,0.2273972602739726,0.045
775.0,7.77,7.82,7.93,7.795,24.0,0.1630637893676758,737.0499877929688,2026-08-31,2026-06-09,0.2273972602739726,0.045
776.0,7.46,7.51,5.21,7.484999999999999,79.0,0.16219404708862306,737.0499877929688,2026-08-31,2026-06-09,0.2273972602739726,0.045
777.0,7.22,7.27,6.23,7.244999999999999,21.0,0.16190413299560547,737.0499877929688,2026-08-31,2026-06-09,0.2273972602739726,0.045
778.0,6.92,6.97,4.71,6.945,36.0,0.1609886148071289,737.0499877929688,2026-08-31,2026-06-09,0.2273972602739726,0.045
780.0,6.47,6.51,6.48,6.49,8.0,0.1603324934387207,737.0499877929688,2026-08-31,2026-06-09,0.2273972602739726,0.045
781.0,6.18,6.23,7.83,6.205,1.0,0.15941697525024412,737.0499877929688,2026-08-31,2026-06-09,0.2273972602739726,0.045
783.0,5.76,5.81,5.27,5.785,2.0,0.1588218884277344,737.0499877929688,2026-08-31,2026-06-09,0.2273972602739726,0.045
785.0,5.34,5.38,5.34,5.359999999999999,1.0,0.15787585296630857,737.0499877929688,2026-08-31,2026-06-09,0.2273972602739726,0.045
786.0,5.1,5.14,5.59,5.119999999999999,80.0,0.15703662796020512,737.0499877929688,2026-08-31,2026-06-09,0.2273972602739726,0.045
787.0,4.86,4.9,5.37,4.880000000000001,1.0,0.15613636840820314,737.0499877929688,2026-08-31,2026-06-09,0.2273972602739726,0.045
788.0,4.76,4.79,4.1,4.775,19.0,0.15660938613891606,737.0499877929688,2026-08-31,2026-06-09,0.2273972602739726,0.045
789.0,4.47,4.51,11.16,4.49,2.0,0.1550987811279297,737.0499877929688,2026-08-31,2026-06-09,0.2273972602739726,0.045
790.0,4.33,4.37,4.45,4.35,3.0,0.15514455703735353,737.0499877929688,2026-08-31,2026-06-09,0.2273972602739726,0.045
791.0,4.15,4.19,4.39,4.17,2.0,0.15465628067016607,737.0499877929688,2026-08-31,2026-06-09,0.2273972602739726,0.045
792.0,3.96,4.0,2.58,3.98,1.0,0.15396964202880858,737.0499877929688,2026-08-31,2026-06-09,0.2273972602739726,0.045
793.0,3.82,3.86,5.1,3.84,1.0,0.15386283157348635,737.0499877929688,2026-08-31,2026-06-09,0.2273972602739726,0.045
794.0,3.63,3.67,4.22,3.65,2.0,0.15305412384033207,737.0499877929688,2026-08-31,2026-06-09,0.2273972602739726,0.045
795.0,3.46,3.5,3.6,3.48,3.0,0.15241326110839848,737.0499877929688,2026-08-31,2026-06-09,0.2273972602739726,0.045
797.0,3.18,3.21,3.23,3.1950000000000003,2.0,0.15161981201171876,737.0499877929688,2026-08-31,2026-06-09,0.2273972602739726,0.045
798.0,3.06,3.1,7.19,3.08,2.0,0.15161981201171876,737.0499877929688,2026-08-31,2026-06-09,0.2273972602739726,0.045
799.0,2.93,2.97,2.04,2.95,11.0,0.15128412200927738,737.0499877929688,2026-08-31,2026-06-09,0.2273972602739726,0.045
800.0,2.84,2.87,3.07,2.855,48.0,0.1513146392822266,737.0499877929688,2026-08-31,2026-06-09,0.2273972602739726,0.045
805.0,2.23,2.27,1.9,2.25,26.0,0.14917843017578125,737.0499877929688,2026-08-31,2026-06-09,0.2273972602739726,0.045
810.0,1.79,1.82,1.86,1.8050000000000002,37.0,0.14798825653076175,737.0499877929688,2026-08-31,2026-06-09,0.2273972602739726,0.045
815.0,1.41,1.44,1.44,1.4249999999999998,7.0,0.14670653106689452,737.0499877929688,2026-08-31,2026-06-09,0.2273972602739726,0.045
820.0,1.12,1.14,1.17,1.13,7.0,0.14576049560546872,737.0499877929688,2026-08-31,2026-06-09,0.2273972602739726,0.045
825.0,0.88,0.91,0.92,0.895,14.0,0.1453332537841797,737.0499877929688,2026-08-31,2026-06-09,0.2273972602739726,0.045
